{"cameraMode":{"drawMode":0,"name":"Shaded","section":"Shading Mode"},"sceneLighting":true,"audioPlay":false,"sceneViewState":{"m_AlwaysRefresh":false,"showFog":true,"showSkybox":true,"showFlares":true,"showImageEffects":true,"showParticleSystems":true,"showVisualEffectGraphs":true,"m_FxEnabled":true},"in2DMode":false,"pivot":{"x":-1.2697796821594239,"y":0.9257396459579468,"z":1.812042236328125},"rotation":{"x":0.0780356302857399,"y":0.07022115588188172,"z":-0.005510241724550724,"w":0.9944625496864319},"size":0.3535533845424652,"orthographic":false}